Time,Value
2023-04-01 00:00:00,628.0
2023-04-01 00:30:00,632.0
2023-04-01 01:00:00,632.0
2023-04-01 01:30:00,633.0
2023-04-01 02:00:00,631.0
2023-04-01 02:30:00,632.0
2023-04-01 03:00:00,632.0
2023-04-01 03:30:00,633.0
2023-04-01 04:00:00,633.0
2023-04-01 04:30:00,633.0
2023-04-01 05:00:00,634.0
2023-04-01 05:30:00,639.0
2023-04-01 06:00:00,665.0
2023-04-01 06:30:00,635.0
2023-04-01 07:00:00,633.0
2023-04-01 07:30:00,634.0
2023-04-01 08:00:00,633.0
2023-04-01 08:30:00,632.0
2023-04-01 09:00:00,630.0
2023-04-01 09:30:00,633.0
2023-04-01 10:00:00,567.0
2023-04-01 10:30:00,566.0
2023-04-01 11:00:00,566.0
2023-04-01 11:30:00,567.0
2023-04-01 12:00:00,569.0
2023-04-01 12:30:00,570.0
2023-04-01 13:00:00,569.0
2023-04-01 13:30:00,567.0
2023-04-01 14:00:00,567.0
2023-04-01 14:30:00,567.0
2023-04-01 15:00:00,568.0
2023-04-01 15:30:00,570.0
2023-04-01 16:00:00,568.0
2023-04-01 16:30:00,568.0
2023-04-01 17:00:00,571.0
2023-04-01 17:30:00,572.0
2023-04-01 18:00:00,573.0
2023-04-01 18:30:00,570.0
2023-04-01 19:00:00,566.0
2023-04-01 19:30:00,566.0
2023-04-01 20:00:00,564.0
2023-04-01 20:30:00,563.0
2023-04-01 21:00:00,563.0
2023-04-01 21:30:00,563.0
2023-04-01 22:00:00,565.0
2023-04-01 22:30:00,565.0
2023-04-01 23:00:00,567.0
2023-04-01 23:30:00,565.0
2023-04-02 00:00:00,563.0
2023-04-02 00:30:00,565.0
2023-04-02 01:00:00,562.0
2023-04-02 01:30:00,562.0
2023-04-02 02:00:00,562.0
2023-04-02 02:30:00,562.0
2023-04-02 03:00:00,564.0
2023-04-02 03:30:00,563.0
2023-04-02 04:00:00,563.0
2023-04-02 04:30:00,564.0
2023-04-02 05:00:00,564.0
2023-04-02 05:30:00,563.0
2023-04-02 06:00:00,564.0
2023-04-02 06:30:00,563.0
2023-04-02 07:00:00,565.0
2023-04-02 07:30:00,566.0
2023-04-02 08:00:00,567.0
2023-04-02 08:30:00,564.0
2023-04-02 09:00:00,564.0
2023-04-02 09:30:00,564.0
2023-04-02 10:00:00,564.0
2023-04-02 10:30:00,565.0
2023-04-02 11:00:00,563.0
2023-04-02 11:30:00,564.0
2023-04-02 12:00:00,566.0
2023-04-02 12:30:00,565.0
2023-04-02 13:00:00,564.0
2023-04-02 13:30:00,562.0
2023-04-02 14:00:00,561.0
2023-04-02 14:30:00,561.0
2023-04-02 15:00:00,564.0
2023-04-02 15:30:00,565.0
2023-04-02 16:00:00,563.0
2023-04-02 16:30:00,563.0
2023-04-02 17:00:00,564.0
2023-04-02 17:30:00,564.0
2023-04-02 18:00:00,563.0
2023-04-02 18:30:00,564.0
2023-04-02 19:00:00,563.0
2023-04-02 19:30:00,659.0
2023-04-02 20:00:00,636.0
2023-04-02 20:30:00,648.0
2023-04-02 21:00:00,705.0
2023-04-02 21:30:00,644.0
2023-04-02 22:00:00,716.0
2023-04-02 22:30:00,835.0
2023-04-02 23:00:00,939.0
2023-04-02 23:30:00,919.0
2023-04-03 00:00:00,878.0
2023-04-03 00:30:00,830.0
2023-04-03 01:00:00,828.0
2023-04-03 01:30:00,831.0
2023-04-03 02:00:00,832.0
2023-04-03 02:30:00,832.0
2023-04-03 03:00:00,875.0
2023-04-03 03:30:00,862.0
2023-04-03 04:00:00,859.0
2023-04-03 04:30:00,858.0
2023-04-03 05:00:00,857.0
2023-04-03 05:30:00,856.0
2023-04-03 06:00:00,863.0
2023-04-03 06:30:00,854.0
2023-04-03 07:00:00,870.0
2023-04-03 07:30:00,947.0
2023-04-03 08:00:00,984.0
2023-04-03 08:30:00,906.0
2023-04-03 09:00:00,839.0
2023-04-03 09:30:00,811.0
2023-04-03 10:00:00,769.0
2023-04-03 10:30:00,788.0
2023-04-03 11:00:00,762.0
2023-04-03 11:30:00,767.0
2023-04-03 12:00:00,767.0
2023-04-03 12:30:00,772.0
2023-04-03 13:00:00,640.0
2023-04-03 13:30:00,636.0
2023-04-03 14:00:00,665.0
2023-04-03 14:30:00,639.0
2023-04-03 15:00:00,639.0
2023-04-03 15:30:00,669.0
2023-04-03 16:00:00,636.0
2023-04-03 16:30:00,637.0
2023-04-03 17:00:00,636.0
2023-04-03 17:30:00,642.0
2023-04-03 18:00:00,643.0
2023-04-03 18:30:00,649.0
2023-04-03 19:00:00,738.0
2023-04-03 19:30:00,775.0
2023-04-03 20:00:00,763.0
2023-04-03 20:30:00,753.0
2023-04-03 21:00:00,718.0
2023-04-03 21:30:00,803.0
2023-04-03 22:00:00,821.0
2023-04-03 22:30:00,827.0
2023-04-03 23:00:00,824.0
2023-04-03 23:30:00,820.0
2023-04-04 00:00:00,754.0
2023-04-04 00:30:00,775.0
2023-04-04 01:00:00,765.0
2023-04-04 01:30:00,760.0
2023-04-04 02:00:00,754.0
2023-04-04 02:30:00,752.0
2023-04-04 03:00:00,752.0
2023-04-04 03:30:00,751.0
2023-04-04 04:00:00,747.0
2023-04-04 04:30:00,747.0
2023-04-04 05:00:00,746.0
2023-04-04 05:30:00,744.0
2023-04-04 06:00:00,744.0
2023-04-04 06:30:00,746.0
2023-04-04 07:00:00,746.0
2023-04-04 07:30:00,742.0
2023-04-04 08:00:00,738.0
2023-04-04 08:30:00,733.0
2023-04-04 09:00:00,728.0
2023-04-04 09:30:00,733.0
2023-04-04 10:00:00,755.0
2023-04-04 10:30:00,678.0
2023-04-04 11:00:00,661.0
2023-04-04 11:30:00,663.0
2023-04-04 12:00:00,665.0
2023-04-04 12:30:00,668.0
2023-04-04 13:00:00,665.0
2023-04-04 13:30:00,661.0
2023-04-04 14:00:00,785.0
2023-04-04 14:30:00,843.0
2023-04-04 15:00:00,778.0
2023-04-04 15:30:00,725.0
2023-04-04 16:00:00,632.0
2023-04-04 16:30:00,630.0
2023-04-04 17:00:00,634.0
2023-04-04 17:30:00,637.0
2023-04-04 18:00:00,710.0
2023-04-04 18:30:00,733.0
2023-04-04 19:00:00,784.0
2023-04-04 19:30:00,915.0
2023-04-04 20:00:00,959.0
2023-04-04 20:30:00,868.0
2023-04-04 21:00:00,848.0
2023-04-04 21:30:00,872.0
2023-04-04 22:00:00,972.0
2023-04-04 22:30:00,914.0
2023-04-04 23:00:00,895.0
2023-04-04 23:30:00,893.0
2023-04-05 00:00:00,900.0
2023-04-05 00:30:00,830.0
2023-04-05 01:00:00,823.0
2023-04-05 01:30:00,821.0
2023-04-05 02:00:00,821.0
2023-04-05 02:30:00,820.0
2023-04-05 03:00:00,819.0
2023-04-05 03:30:00,821.0
2023-04-05 04:00:00,823.0
2023-04-05 04:30:00,851.0
2023-04-05 05:00:00,849.0
2023-04-05 05:30:00,841.0
2023-04-05 06:00:00,840.0
2023-04-05 06:30:00,830.0
2023-04-05 07:00:00,830.0
2023-04-05 07:30:00,828.0
2023-04-05 08:00:00,817.0
2023-04-05 08:30:00,825.0
2023-04-05 09:00:00,825.0
2023-04-05 09:30:00,815.0
2023-04-05 10:00:00,800.0
2023-04-05 10:30:00,784.0
2023-04-05 11:00:00,724.0
2023-04-05 11:30:00,720.0
2023-04-05 12:00:00,712.0
2023-04-05 12:30:00,715.0
2023-04-05 13:00:00,711.0
2023-04-05 13:30:00,707.0
2023-04-05 14:00:00,768.0
2023-04-05 14:30:00,706.0
2023-04-05 15:00:00,706.0
2023-04-05 15:30:00,709.0
2023-04-05 16:00:00,708.0
2023-04-05 16:30:00,710.0
2023-04-05 17:00:00,711.0
2023-04-05 17:30:00,759.0
2023-04-05 18:00:00,758.0
2023-04-05 18:30:00,750.0
2023-04-05 19:00:00,714.0
2023-04-05 19:30:00,712.0
2023-04-05 20:00:00,725.0
2023-04-05 20:30:00,714.0
2023-04-05 21:00:00,925.0
2023-04-05 21:30:00,1010.0
2023-04-05 22:00:00,970.0
2023-04-05 22:30:00,930.0
2023-04-05 23:00:00,951.0
2023-04-05 23:30:00,846.0
2023-04-06 00:00:00,942.0
2023-04-06 00:30:00,892.0
2023-04-06 01:00:00,839.0
2023-04-06 01:30:00,848.0
2023-04-06 02:00:00,824.0
2023-04-06 02:30:00,816.0
2023-04-06 03:00:00,810.0
2023-04-06 03:30:00,813.0
2023-04-06 04:00:00,812.0
2023-04-06 04:30:00,811.0
2023-04-06 05:00:00,810.0
2023-04-06 05:30:00,811.0
2023-04-06 06:00:00,815.0
2023-04-06 06:30:00,812.0
2023-04-06 07:00:00,814.0
2023-04-06 07:30:00,794.0
2023-04-06 08:00:00,774.0
2023-04-06 08:30:00,769.0
2023-04-06 09:00:00,781.0
2023-04-06 09:30:00,713.0
2023-04-06 10:00:00,677.0
2023-04-06 10:30:00,675.0
2023-04-06 11:00:00,674.0
2023-04-06 11:30:00,673.0
2023-04-06 12:00:00,637.0
2023-04-06 12:30:00,621.0
2023-04-06 13:00:00,621.0
2023-04-06 13:30:00,616.0
2023-04-06 14:00:00,626.0
2023-04-06 14:30:00,641.0
2023-04-06 15:00:00,619.0
2023-04-06 15:30:00,586.0
2023-04-06 16:00:00,583.0
2023-04-06 16:30:00,585.0
2023-04-06 17:00:00,587.0
2023-04-06 17:30:00,648.0
2023-04-06 18:00:00,648.0
2023-04-06 18:30:00,621.0
2023-04-06 19:00:00,640.0
2023-04-06 19:30:00,573.0
2023-04-06 20:00:00,546.0
2023-04-06 20:30:00,546.0
2023-04-06 21:00:00,547.0
2023-04-06 21:30:00,546.0
2023-04-06 22:00:00,547.0
2023-04-06 22:30:00,549.0
2023-04-06 23:00:00,549.0
2023-04-06 23:30:00,550.0
2023-04-07 00:00:00,548.0
2023-04-07 00:30:00,548.0
2023-04-07 01:00:00,548.0
2023-04-07 01:30:00,548.0
2023-04-07 02:00:00,548.0
2023-04-07 02:30:00,549.0
2023-04-07 03:00:00,550.0
2023-04-07 03:30:00,551.0
2023-04-07 04:00:00,551.0
2023-04-07 04:30:00,551.0
2023-04-07 05:00:00,552.0
2023-04-07 05:30:00,551.0
2023-04-07 06:00:00,552.0
2023-04-07 06:30:00,553.0
2023-04-07 07:00:00,552.0
2023-04-07 07:30:00,555.0
2023-04-07 08:00:00,555.0
2023-04-07 08:30:00,555.0
2023-04-07 09:00:00,553.0
2023-04-07 09:30:00,552.0
2023-04-07 10:00:00,552.0
2023-04-07 10:30:00,550.0
2023-04-07 11:00:00,550.0
2023-04-07 11:30:00,552.0
2023-04-07 12:00:00,552.0
2023-04-07 12:30:00,551.0
2023-04-07 13:00:00,551.0
2023-04-07 13:30:00,549.0
2023-04-07 14:00:00,551.0
2023-04-07 14:30:00,553.0
2023-04-07 15:00:00,551.0
2023-04-07 15:30:00,551.0
2023-04-07 16:00:00,552.0
2023-04-07 16:30:00,553.0
2023-04-07 17:00:00,553.0
2023-04-07 17:30:00,554.0
2023-04-07 18:00:00,555.0
2023-04-07 18:30:00,555.0
2023-04-07 19:00:00,555.0
2023-04-07 19:30:00,550.0
2023-04-07 20:00:00,551.0
2023-04-07 20:30:00,551.0
2023-04-07 21:00:00,551.0
2023-04-07 21:30:00,552.0
2023-04-07 22:00:00,553.0
2023-04-07 22:30:00,554.0
2023-04-07 23:00:00,553.0
2023-04-07 23:30:00,548.0
2023-04-08 00:00:00,550.0
2023-04-08 00:30:00,550.0
2023-04-08 01:00:00,550.0
2023-04-08 01:30:00,550.0
2023-04-08 02:00:00,551.0
2023-04-08 02:30:00,551.0
2023-04-08 03:00:00,551.0
2023-04-08 03:30:00,553.0
2023-04-08 04:00:00,553.0
2023-04-08 04:30:00,552.0
2023-04-08 05:00:00,554.0
2023-04-08 05:30:00,552.0
2023-04-08 06:00:00,554.0
2023-04-08 06:30:00,552.0
2023-04-08 07:00:00,553.0
2023-04-08 07:30:00,557.0
2023-04-08 08:00:00,554.0
2023-04-08 08:30:00,552.0
2023-04-08 09:00:00,551.0
2023-04-08 09:30:00,554.0
2023-04-08 10:00:00,553.0
2023-04-08 10:30:00,553.0
2023-04-08 11:00:00,552.0
2023-04-08 11:30:00,552.0
2023-04-08 12:00:00,554.0
2023-04-08 12:30:00,553.0
2023-04-08 13:00:00,553.0
2023-04-08 13:30:00,552.0
2023-04-08 14:00:00,551.0
2023-04-08 14:30:00,550.0
2023-04-08 15:00:00,550.0
2023-04-08 15:30:00,552.0
2023-04-08 16:00:00,554.0
2023-04-08 16:30:00,552.0
2023-04-08 17:00:00,553.0
2023-04-08 17:30:00,556.0
2023-04-08 18:00:00,554.0
2023-04-08 18:30:00,554.0
2023-04-08 19:00:00,553.0
2023-04-08 19:30:00,551.0
2023-04-08 20:00:00,550.0
2023-04-08 20:30:00,549.0
2023-04-08 21:00:00,550.0
2023-04-08 21:30:00,550.0
2023-04-08 22:00:00,551.0
2023-04-08 22:30:00,552.0
2023-04-08 23:00:00,552.0
2023-04-08 23:30:00,554.0
2023-04-09 00:00:00,547.0
2023-04-09 00:30:00,548.0
2023-04-09 01:00:00,549.0
2023-04-09 01:30:00,550.0
2023-04-09 02:00:00,551.0
2023-04-09 02:30:00,551.0
2023-04-09 03:00:00,552.0
2023-04-09 03:30:00,553.0
2023-04-09 04:00:00,553.0
2023-04-09 04:30:00,553.0
2023-04-09 05:00:00,553.0
2023-04-09 05:30:00,553.0
2023-04-09 06:00:00,553.0
2023-04-09 06:30:00,553.0
2023-04-09 07:00:00,552.0
2023-04-09 07:30:00,556.0
2023-04-09 08:00:00,556.0
2023-04-09 08:30:00,556.0
2023-04-09 09:00:00,552.0
2023-04-09 09:30:00,592.0
2023-04-09 10:00:00,588.0
2023-04-09 10:30:00,589.0
2023-04-09 11:00:00,592.0
2023-04-09 11:30:00,591.0
2023-04-09 12:00:00,592.0
2023-04-09 12:30:00,592.0
2023-04-09 13:00:00,593.0
2023-04-09 13:30:00,590.0
2023-04-09 14:00:00,589.0
2023-04-09 14:30:00,589.0
2023-04-09 15:00:00,599.0
2023-04-09 15:30:00,639.0
2023-04-09 16:00:00,596.0
2023-04-09 16:30:00,597.0
2023-04-09 17:00:00,595.0
2023-04-09 17:30:00,592.0
2023-04-09 18:00:00,592.0
2023-04-09 18:30:00,590.0
2023-04-09 19:00:00,605.0
2023-04-09 19:30:00,666.0
2023-04-09 20:00:00,667.0
2023-04-09 20:30:00,667.0
2023-04-09 21:00:00,666.0
2023-04-09 21:30:00,668.0
2023-04-09 22:00:00,748.0
2023-04-09 22:30:00,814.0
2023-04-09 23:00:00,819.0
2023-04-09 23:30:00,794.0
2023-04-10 00:00:00,720.0
2023-04-10 00:30:00,725.0
2023-04-10 01:00:00,720.0
2023-04-10 01:30:00,719.0
2023-04-10 02:00:00,721.0
2023-04-10 02:30:00,719.0
2023-04-10 03:00:00,718.0
2023-04-10 03:30:00,737.0
2023-04-10 04:00:00,736.0
2023-04-10 04:30:00,735.0
2023-04-10 05:00:00,733.0
2023-04-10 05:30:00,731.0
2023-04-10 06:00:00,723.0
2023-04-10 06:30:00,712.0
2023-04-10 07:00:00,707.0
2023-04-10 07:30:00,705.0
2023-04-10 08:00:00,697.0
2023-04-10 08:30:00,693.0
2023-04-10 09:00:00,718.0
2023-04-10 09:30:00,655.0
2023-04-10 10:00:00,600.0
2023-04-10 10:30:00,576.0
2023-04-10 11:00:00,575.0
2023-04-10 11:30:00,575.0
2023-04-10 12:00:00,577.0
2023-04-10 12:30:00,581.0
2023-04-10 13:00:00,579.0
2023-04-10 13:30:00,574.0
2023-04-10 14:00:00,574.0
2023-04-10 14:30:00,577.0
2023-04-10 15:00:00,580.0
2023-04-10 15:30:00,583.0
2023-04-10 16:00:00,586.0
2023-04-10 16:30:00,659.0
2023-04-10 17:00:00,661.0
2023-04-10 17:30:00,663.0
2023-04-10 18:00:00,598.0
2023-04-10 18:30:00,685.0
2023-04-10 19:00:00,585.0
2023-04-10 19:30:00,564.0
2023-04-10 20:00:00,563.0
2023-04-10 20:30:00,699.0
2023-04-10 21:00:00,663.0
2023-04-10 21:30:00,669.0
2023-04-10 22:00:00,754.0
2023-04-10 22:30:00,786.0
2023-04-10 23:00:00,790.0
2023-04-10 23:30:00,785.0
2023-04-11 00:00:00,755.0
2023-04-11 00:30:00,727.0
2023-04-11 01:00:00,843.0
2023-04-11 01:30:00,903.0
2023-04-11 02:00:00,850.0
2023-04-11 02:30:00,844.0
2023-04-11 03:00:00,815.0
2023-04-11 03:30:00,812.0
2023-04-11 04:00:00,814.0
2023-04-11 04:30:00,811.0
2023-04-11 05:00:00,811.0
2023-04-11 05:30:00,810.0
2023-04-11 06:00:00,811.0
2023-04-11 06:30:00,803.0
2023-04-11 07:00:00,779.0
2023-04-11 07:30:00,776.0
2023-04-11 08:00:00,721.0
2023-04-11 08:30:00,737.0
2023-04-11 09:00:00,760.0
2023-04-11 09:30:00,668.0
2023-04-11 10:00:00,669.0
2023-04-11 10:30:00,669.0
2023-04-11 11:00:00,667.0
2023-04-11 11:30:00,586.0
2023-04-11 12:00:00,621.0
2023-04-11 12:30:00,661.0
2023-04-11 13:00:00,584.0
2023-04-11 13:30:00,594.0
2023-04-11 14:00:00,590.0
2023-04-11 14:30:00,591.0
2023-04-11 15:00:00,591.0
2023-04-11 15:30:00,590.0
2023-04-11 16:00:00,589.0
2023-04-11 16:30:00,590.0
2023-04-11 17:00:00,698.0
2023-04-11 17:30:00,661.0
2023-04-11 18:00:00,604.0
2023-04-11 18:30:00,739.0
2023-04-11 19:00:00,781.0
2023-04-11 19:30:00,721.0
2023-04-11 20:00:00,766.0
2023-04-11 20:30:00,624.0
2023-04-11 21:00:00,688.0
2023-04-11 21:30:00,844.0
2023-04-11 22:00:00,833.0
2023-04-11 22:30:00,771.0
2023-04-11 23:00:00,763.0
2023-04-11 23:30:00,763.0
2023-04-12 00:00:00,759.0
2023-04-12 00:30:00,798.0
2023-04-12 01:00:00,796.0
2023-04-12 01:30:00,795.0
2023-04-12 02:00:00,798.0
2023-04-12 02:30:00,822.0
2023-04-12 03:00:00,821.0
2023-04-12 03:30:00,817.0
2023-04-12 04:00:00,804.0
2023-04-12 04:30:00,789.0
2023-04-12 05:00:00,787.0
2023-04-12 05:30:00,787.0
2023-04-12 06:00:00,786.0
2023-04-12 06:30:00,790.0
2023-04-12 07:00:00,821.0
2023-04-12 07:30:00,689.0
2023-04-12 08:00:00,650.0
2023-04-12 08:30:00,661.0
2023-04-12 09:00:00,712.0
2023-04-12 09:30:00,716.0
2023-04-12 10:00:00,744.0
2023-04-12 10:30:00,656.0
2023-04-12 11:00:00,622.0
2023-04-12 11:30:00,577.0
2023-04-12 12:00:00,587.0
2023-04-12 12:30:00,615.0
2023-04-12 13:00:00,661.0
2023-04-12 13:30:00,655.0
2023-04-12 14:00:00,617.0
2023-04-12 14:30:00,581.0
2023-04-12 15:00:00,576.0
2023-04-12 15:30:00,577.0
2023-04-12 16:00:00,653.0
2023-04-12 16:30:00,606.0
2023-04-12 17:00:00,581.0
2023-04-12 17:30:00,610.0
2023-04-12 18:00:00,558.0
2023-04-12 18:30:00,589.0
2023-04-12 19:00:00,602.0
2023-04-12 19:30:00,700.0
2023-04-12 20:00:00,777.0
2023-04-12 20:30:00,752.0
2023-04-12 21:00:00,716.0
2023-04-12 21:30:00,764.0
2023-04-12 22:00:00,711.0
2023-04-12 22:30:00,697.0
2023-04-12 23:00:00,692.0
2023-04-12 23:30:00,667.0
2023-04-13 00:00:00,689.0
2023-04-13 00:30:00,701.0
2023-04-13 01:00:00,780.0
2023-04-13 01:30:00,849.0
2023-04-13 02:00:00,867.0
2023-04-13 02:30:00,850.0
2023-04-13 03:00:00,826.0
2023-04-13 03:30:00,828.0
2023-04-13 04:00:00,828.0
2023-04-13 04:30:00,827.0
2023-04-13 05:00:00,826.0
2023-04-13 05:30:00,823.0
2023-04-13 06:00:00,802.0
2023-04-13 06:30:00,796.0
2023-04-13 07:00:00,812.0
2023-04-13 07:30:00,796.0
2023-04-13 08:00:00,825.0
2023-04-13 08:30:00,883.0
2023-04-13 09:00:00,741.0
2023-04-13 09:30:00,658.0
2023-04-13 10:00:00,592.0
2023-04-13 10:30:00,656.0
2023-04-13 11:00:00,603.0
2023-04-13 11:30:00,601.0
2023-04-13 12:00:00,604.0
2023-04-13 12:30:00,666.0
2023-04-13 13:00:00,626.0
2023-04-13 13:30:00,600.0
2023-04-13 14:00:00,599.0
2023-04-13 14:30:00,599.0
2023-04-13 15:00:00,600.0
2023-04-13 15:30:00,601.0
2023-04-13 16:00:00,598.0
2023-04-13 16:30:00,619.0
2023-04-13 17:00:00,681.0
2023-04-13 17:30:00,585.0
2023-04-13 18:00:00,666.0
2023-04-13 18:30:00,691.0
2023-04-13 19:00:00,676.0
2023-04-13 19:30:00,740.0
2023-04-13 20:00:00,659.0
2023-04-13 20:30:00,581.0
2023-04-13 21:00:00,614.0
2023-04-13 21:30:00,568.0
2023-04-13 22:00:00,703.0
2023-04-13 22:30:00,787.0
2023-04-13 23:00:00,783.0
2023-04-13 23:30:00,972.0
2023-04-14 00:00:00,1006.0
2023-04-14 00:30:00,1039.0
2023-04-14 01:00:00,933.0
2023-04-14 01:30:00,932.0
2023-04-14 02:00:00,930.0
2023-04-14 02:30:00,926.0
2023-04-14 03:00:00,923.0
2023-04-14 03:30:00,920.0
2023-04-14 04:00:00,924.0
2023-04-14 04:30:00,925.0
2023-04-14 05:00:00,919.0
2023-04-14 05:30:00,924.0
2023-04-14 06:00:00,859.0
2023-04-14 06:30:00,849.0
2023-04-14 07:00:00,868.0
2023-04-14 07:30:00,877.0
2023-04-14 08:00:00,848.0
2023-04-14 08:30:00,834.0
2023-04-14 09:00:00,924.0
2023-04-14 09:30:00,1037.0
2023-04-14 10:00:00,922.0
2023-04-14 10:30:00,782.0
2023-04-14 11:00:00,726.0
2023-04-14 11:30:00,723.0
2023-04-14 12:00:00,766.0
2023-04-14 12:30:00,826.0
2023-04-14 13:00:00,809.0
2023-04-14 13:30:00,668.0
2023-04-14 14:00:00,633.0
2023-04-14 14:30:00,632.0
2023-04-14 15:00:00,581.0
2023-04-14 15:30:00,552.0
2023-04-14 16:00:00,551.0
2023-04-14 16:30:00,660.0
2023-04-14 17:00:00,736.0
2023-04-14 17:30:00,714.0
2023-04-14 18:00:00,608.0
2023-04-14 18:30:00,564.0
2023-04-14 19:00:00,645.0
2023-04-14 19:30:00,563.0
2023-04-14 20:00:00,600.0
2023-04-14 20:30:00,640.0
2023-04-14 21:00:00,643.0
2023-04-14 21:30:00,598.0
2023-04-14 22:00:00,563.0
2023-04-14 22:30:00,564.0
2023-04-14 23:00:00,566.0
2023-04-14 23:30:00,566.0
2023-04-15 00:00:00,567.0
2023-04-15 00:30:00,566.0
2023-04-15 01:00:00,569.0
2023-04-15 01:30:00,567.0
2023-04-15 02:00:00,566.0
2023-04-15 02:30:00,565.0
2023-04-15 03:00:00,565.0
2023-04-15 03:30:00,565.0
2023-04-15 04:00:00,565.0
2023-04-15 04:30:00,565.0
2023-04-15 05:00:00,603.0
2023-04-15 05:30:00,569.0
2023-04-15 06:00:00,567.0
2023-04-15 06:30:00,569.0
2023-04-15 07:00:00,568.0
2023-04-15 07:30:00,568.0
2023-04-15 08:00:00,564.0
2023-04-15 08:30:00,562.0
2023-04-15 09:00:00,561.0
2023-04-15 09:30:00,561.0
2023-04-15 10:00:00,560.0
2023-04-15 10:30:00,561.0
2023-04-15 11:00:00,559.0
2023-04-15 11:30:00,561.0
2023-04-15 12:00:00,566.0
2023-04-15 12:30:00,565.0
2023-04-15 13:00:00,567.0
2023-04-15 13:30:00,564.0
2023-04-15 14:00:00,565.0
2023-04-15 14:30:00,567.0
2023-04-15 15:00:00,567.0
2023-04-15 15:30:00,569.0
2023-04-15 16:00:00,568.0
2023-04-15 16:30:00,568.0
2023-04-15 17:00:00,571.0
2023-04-15 17:30:00,569.0
2023-04-15 18:00:00,564.0
2023-04-15 18:30:00,565.0
2023-04-15 19:00:00,564.0
2023-04-15 19:30:00,560.0
2023-04-15 20:00:00,559.0
2023-04-15 20:30:00,559.0
2023-04-15 21:00:00,558.0
2023-04-15 21:30:00,559.0
2023-04-15 22:00:00,559.0
2023-04-15 22:30:00,560.0
2023-04-15 23:00:00,641.0
2023-04-15 23:30:00,660.0
2023-04-16 00:00:00,561.0
2023-04-16 00:30:00,561.0
2023-04-16 01:00:00,564.0
2023-04-16 01:30:00,567.0
2023-04-16 02:00:00,564.0
2023-04-16 02:30:00,564.0
2023-04-16 03:00:00,565.0
2023-04-16 03:30:00,564.0
2023-04-16 04:00:00,564.0
2023-04-16 04:30:00,565.0
2023-04-16 05:00:00,564.0
2023-04-16 05:30:00,564.0
2023-04-16 06:00:00,564.0
2023-04-16 06:30:00,565.0
2023-04-16 07:00:00,565.0
2023-04-16 07:30:00,568.0
2023-04-16 08:00:00,568.0
2023-04-16 08:30:00,565.0
2023-04-16 09:00:00,564.0
2023-04-16 09:30:00,548.0
2023-04-16 10:00:00,525.0
2023-04-16 10:30:00,526.0
2023-04-16 11:00:00,525.0
2023-04-16 11:30:00,526.0
2023-04-16 12:00:00,528.0
2023-04-16 12:30:00,528.0
2023-04-16 13:00:00,527.0
2023-04-16 13:30:00,526.0
2023-04-16 14:00:00,525.0
2023-04-16 14:30:00,524.0
2023-04-16 15:00:00,525.0
2023-04-16 15:30:00,525.0
2023-04-16 16:00:00,550.0
2023-04-16 16:30:00,526.0
2023-04-16 17:00:00,526.0
2023-04-16 17:30:00,528.0
2023-04-16 18:00:00,527.0
2023-04-16 18:30:00,527.0
2023-04-16 19:00:00,527.0
2023-04-16 19:30:00,526.0
2023-04-16 20:00:00,524.0
2023-04-16 20:30:00,602.0
2023-04-16 21:00:00,649.0
2023-04-16 21:30:00,632.0
2023-04-16 22:00:00,623.0
2023-04-16 22:30:00,661.0
2023-04-16 23:00:00,684.0
2023-04-16 23:30:00,653.0
2023-04-17 00:00:00,654.0
2023-04-17 00:30:00,689.0
2023-04-17 01:00:00,757.0
2023-04-17 01:30:00,733.0
2023-04-17 02:00:00,720.0
2023-04-17 02:30:00,721.0
2023-04-17 03:00:00,722.0
2023-04-17 03:30:00,721.0
2023-04-17 04:00:00,724.0
2023-04-17 04:30:00,723.0
2023-04-17 05:00:00,721.0
2023-04-17 05:30:00,720.0
2023-04-17 06:00:00,717.0
2023-04-17 06:30:00,717.0
2023-04-17 07:00:00,700.0
2023-04-17 07:30:00,738.0
2023-04-17 08:00:00,761.0
2023-04-17 08:30:00,729.0
2023-04-17 09:00:00,821.0
2023-04-17 09:30:00,782.0
2023-04-17 10:00:00,835.0
2023-04-17 10:30:00,734.0
2023-04-17 11:00:00,597.0
2023-04-17 11:30:00,630.0
2023-04-17 12:00:00,616.0
2023-04-17 12:30:00,602.0
2023-04-17 13:00:00,597.0
2023-04-17 13:30:00,605.0
2023-04-17 14:00:00,623.0
2023-04-17 14:30:00,608.0
2023-04-17 15:00:00,612.0
2023-04-17 15:30:00,642.0
2023-04-17 16:00:00,660.0
2023-04-17 16:30:00,656.0
2023-04-17 17:00:00,657.0
2023-04-17 17:30:00,661.0
2023-04-17 18:00:00,663.0
2023-04-17 18:30:00,664.0
2023-04-17 19:00:00,665.0
2023-04-17 19:30:00,666.0
2023-04-17 20:00:00,688.0
2023-04-17 20:30:00,844.0
2023-04-17 21:00:00,828.0
2023-04-17 21:30:00,801.0
2023-04-17 22:00:00,800.0
2023-04-17 22:30:00,891.0
2023-04-17 23:00:00,910.0
2023-04-17 23:30:00,871.0
2023-04-18 00:00:00,858.0
2023-04-18 00:30:00,859.0
2023-04-18 01:00:00,887.0
2023-04-18 01:30:00,868.0
2023-04-18 02:00:00,916.0
2023-04-18 02:30:00,968.0
2023-04-18 03:00:00,964.0
2023-04-18 03:30:00,957.0
2023-04-18 04:00:00,953.0
2023-04-18 04:30:00,951.0
2023-04-18 05:00:00,952.0
2023-04-18 05:30:00,950.0
2023-04-18 06:00:00,941.0
2023-04-18 06:30:00,925.0
2023-04-18 07:00:00,939.0
2023-04-18 07:30:00,916.0
2023-04-18 08:00:00,953.0
2023-04-18 08:30:00,932.0
2023-04-18 09:00:00,762.0
2023-04-18 09:30:00,669.0
2023-04-18 10:00:00,564.0
2023-04-18 10:30:00,561.0
2023-04-18 11:00:00,560.0
2023-04-18 11:30:00,560.0
2023-04-18 12:00:00,563.0
2023-04-18 12:30:00,568.0
2023-04-18 13:00:00,619.0
2023-04-18 13:30:00,681.0
2023-04-18 14:00:00,677.0
2023-04-18 14:30:00,676.0
2023-04-18 15:00:00,656.0
2023-04-18 15:30:00,645.0
2023-04-18 16:00:00,640.0
2023-04-18 16:30:00,646.0
2023-04-18 17:00:00,647.0
2023-04-18 17:30:00,732.0
2023-04-18 18:00:00,708.0
2023-04-18 18:30:00,705.0
2023-04-18 19:00:00,732.0
2023-04-18 19:30:00,711.0
2023-04-18 20:00:00,710.0
2023-04-18 20:30:00,711.0
2023-04-18 21:00:00,710.0
2023-04-18 21:30:00,712.0
2023-04-18 22:00:00,782.0
2023-04-18 22:30:00,947.0
2023-04-18 23:00:00,1098.0
2023-04-18 23:30:00,1181.0
2023-04-19 00:00:00,1158.0
2023-04-19 00:30:00,1147.0
2023-04-19 01:00:00,1145.0
2023-04-19 01:30:00,1144.0
2023-04-19 02:00:00,1157.0
2023-04-19 02:30:00,1124.0
2023-04-19 03:00:00,1086.0
2023-04-19 03:30:00,1086.0
2023-04-19 04:00:00,1086.0
2023-04-19 04:30:00,1084.0
2023-04-19 05:00:00,1085.0
2023-04-19 05:30:00,1081.0
2023-04-19 06:00:00,1080.0
2023-04-19 06:30:00,1078.0
2023-04-19 07:00:00,1122.0
2023-04-19 07:30:00,961.0
2023-04-19 08:00:00,904.0
2023-04-19 08:30:00,886.0
2023-04-19 09:00:00,949.0
2023-04-19 09:30:00,1005.0
2023-04-19 10:00:00,799.0
2023-04-19 10:30:00,756.0
2023-04-19 11:00:00,656.0
2023-04-19 11:30:00,655.0
2023-04-19 12:00:00,658.0
2023-04-19 12:30:00,661.0
2023-04-19 13:00:00,609.0
2023-04-19 13:30:00,583.0
2023-04-19 14:00:00,581.0
2023-04-19 14:30:00,582.0
2023-04-19 15:00:00,582.0
2023-04-19 15:30:00,585.0
2023-04-19 16:00:00,591.0
2023-04-19 16:30:00,617.0
2023-04-19 17:00:00,597.0
2023-04-19 17:30:00,573.0
2023-04-19 18:00:00,573.0
2023-04-19 18:30:00,575.0
2023-04-19 19:00:00,576.0
2023-04-19 19:30:00,573.0
2023-04-19 20:00:00,582.0
2023-04-19 20:30:00,613.0
2023-04-19 21:00:00,635.0
2023-04-19 21:30:00,785.0
2023-04-19 22:00:00,791.0
2023-04-19 22:30:00,769.0
2023-04-19 23:00:00,807.0
2023-04-19 23:30:00,786.0
2023-04-20 00:00:00,807.0
2023-04-20 00:30:00,882.0
2023-04-20 01:00:00,847.0
2023-04-20 01:30:00,850.0
2023-04-20 02:00:00,848.0
2023-04-20 02:30:00,873.0
2023-04-20 03:00:00,906.0
2023-04-20 03:30:00,906.0
2023-04-20 04:00:00,905.0
2023-04-20 04:30:00,905.0
2023-04-20 05:00:00,906.0
2023-04-20 05:30:00,906.0
2023-04-20 06:00:00,924.0
2023-04-20 06:30:00,777.0
2023-04-20 07:00:00,756.0
2023-04-20 07:30:00,761.0
2023-04-20 08:00:00,729.0
2023-04-20 08:30:00,695.0
2023-04-20 09:00:00,635.0
2023-04-20 09:30:00,625.0
2023-04-20 10:00:00,574.0
2023-04-20 10:30:00,557.0
2023-04-20 11:00:00,561.0
2023-04-20 11:30:00,547.0
2023-04-20 12:00:00,552.0
2023-04-20 12:30:00,555.0
2023-04-20 13:00:00,552.0
2023-04-20 13:30:00,551.0
2023-04-20 14:00:00,549.0
2023-04-20 14:30:00,576.0
2023-04-20 15:00:00,651.0
2023-04-20 15:30:00,653.0
2023-04-20 16:00:00,651.0
2023-04-20 16:30:00,651.0
2023-04-20 17:00:00,680.0
2023-04-20 17:30:00,674.0
2023-04-20 18:00:00,672.0
2023-04-20 18:30:00,663.0
2023-04-20 19:00:00,679.0
2023-04-20 19:30:00,608.0
2023-04-20 20:00:00,580.0
2023-04-20 20:30:00,641.0
2023-04-20 21:00:00,659.0
2023-04-20 21:30:00,658.0
2023-04-20 22:00:00,658.0
2023-04-20 22:30:00,662.0
2023-04-20 23:00:00,669.0
2023-04-20 23:30:00,603.0
2023-04-21 00:00:00,679.0
2023-04-21 00:30:00,749.0
2023-04-21 01:00:00,834.0
2023-04-21 01:30:00,863.0
2023-04-21 02:00:00,866.0
2023-04-21 02:30:00,862.0
2023-04-21 03:00:00,831.0
2023-04-21 03:30:00,823.0
2023-04-21 04:00:00,823.0
2023-04-21 04:30:00,823.0
2023-04-21 05:00:00,825.0
2023-04-21 05:30:00,824.0
2023-04-21 06:00:00,822.0
2023-04-21 06:30:00,820.0
2023-04-21 07:00:00,824.0
2023-04-21 07:30:00,793.0
2023-04-21 08:00:00,830.0
2023-04-21 08:30:00,778.0
2023-04-21 09:00:00,787.0
2023-04-21 09:30:00,696.0
2023-04-21 10:00:00,714.0
2023-04-21 10:30:00,743.0
2023-04-21 11:00:00,746.0
2023-04-21 11:30:00,752.0
2023-04-21 12:00:00,750.0
2023-04-21 12:30:00,754.0
2023-04-21 13:00:00,753.0
2023-04-21 13:30:00,749.0
2023-04-21 14:00:00,746.0
2023-04-21 14:30:00,682.0
2023-04-21 15:00:00,678.0
2023-04-21 15:30:00,678.0
2023-04-21 16:00:00,677.0
2023-04-21 16:30:00,747.0
2023-04-21 17:00:00,763.0
2023-04-21 17:30:00,782.0
2023-04-21 18:00:00,652.0
2023-04-21 18:30:00,616.0
2023-04-21 19:00:00,613.0
2023-04-21 19:30:00,603.0
2023-04-21 20:00:00,498.0
2023-04-21 20:30:00,499.0
2023-04-21 21:00:00,498.0
2023-04-21 21:30:00,499.0
2023-04-21 22:00:00,498.0
2023-04-21 22:30:00,496.0
2023-04-21 23:00:00,497.0
2023-04-21 23:30:00,498.0
2023-04-22 00:00:00,500.0
2023-04-22 00:30:00,500.0
2023-04-22 01:00:00,500.0
2023-04-22 01:30:00,500.0
2023-04-22 02:00:00,502.0
2023-04-22 02:30:00,501.0
2023-04-22 03:00:00,502.0
2023-04-22 03:30:00,501.0
2023-04-22 04:00:00,498.0
2023-04-22 04:30:00,500.0
2023-04-22 05:00:00,499.0
2023-04-22 05:30:00,500.0
2023-04-22 06:00:00,501.0
2023-04-22 06:30:00,502.0
2023-04-22 07:00:00,502.0
2023-04-22 07:30:00,505.0
2023-04-22 08:00:00,505.0
2023-04-22 08:30:00,493.0
2023-04-22 09:00:00,479.0
2023-04-22 09:30:00,479.0
2023-04-22 10:00:00,616.0
2023-04-22 10:30:00,615.0
2023-04-22 11:00:00,615.0
2023-04-22 11:30:00,614.0
2023-04-22 12:00:00,614.0
2023-04-22 12:30:00,614.0
2023-04-22 13:00:00,613.0
2023-04-22 13:30:00,613.0
2023-04-22 14:00:00,568.0
2023-04-22 14:30:00,541.0
2023-04-22 15:00:00,540.0
2023-04-22 15:30:00,538.0
2023-04-22 16:00:00,538.0
2023-04-22 16:30:00,538.0
2023-04-22 17:00:00,543.0
2023-04-22 17:30:00,616.0
2023-04-22 18:00:00,617.0
2023-04-22 18:30:00,616.0
2023-04-22 19:00:00,616.0
2023-04-22 19:30:00,614.0
2023-04-22 20:00:00,612.0
2023-04-22 20:30:00,614.0
2023-04-22 21:00:00,613.0
2023-04-22 21:30:00,613.0
2023-04-22 22:00:00,617.0
2023-04-22 22:30:00,617.0
2023-04-22 23:00:00,614.0
2023-04-22 23:30:00,621.0
2023-04-23 00:00:00,716.0
2023-04-23 00:30:00,724.0
2023-04-23 01:00:00,666.0
2023-04-23 01:30:00,660.0
2023-04-23 02:00:00,668.0
2023-04-23 02:30:00,665.0
2023-04-23 03:00:00,661.0
2023-04-23 03:30:00,661.0
2023-04-23 04:00:00,660.0
2023-04-23 04:30:00,660.0
2023-04-23 05:00:00,662.0
2023-04-23 05:30:00,661.0
2023-04-23 06:00:00,662.0
2023-04-23 06:30:00,661.0
2023-04-23 07:00:00,663.0
2023-04-23 07:30:00,664.0
2023-04-23 08:00:00,663.0
2023-04-23 08:30:00,658.0
2023-04-23 09:00:00,657.0
2023-04-23 09:30:00,656.0
2023-04-23 10:00:00,588.0
2023-04-23 10:30:00,511.0
2023-04-23 11:00:00,542.0
2023-04-23 11:30:00,543.0
2023-04-23 12:00:00,542.0
2023-04-23 12:30:00,544.0
2023-04-23 13:00:00,542.0
2023-04-23 13:30:00,540.0
2023-04-23 14:00:00,541.0
2023-04-23 14:30:00,539.0
2023-04-23 15:00:00,544.0
2023-04-23 15:30:00,544.0
2023-04-23 16:00:00,543.0
2023-04-23 16:30:00,543.0
2023-04-23 17:00:00,544.0
2023-04-23 17:30:00,544.0
2023-04-23 18:00:00,544.0
2023-04-23 18:30:00,554.0
2023-04-23 19:00:00,589.0
2023-04-23 19:30:00,559.0
2023-04-23 20:00:00,625.0
2023-04-23 20:30:00,679.0
2023-04-23 21:00:00,675.0
2023-04-23 21:30:00,649.0
2023-04-23 22:00:00,794.0
2023-04-23 22:30:00,839.0
2023-04-23 23:00:00,879.0
2023-04-23 23:30:00,886.0
2023-04-24 00:00:00,894.0
2023-04-24 00:30:00,796.0
2023-04-24 01:00:00,778.0
2023-04-24 01:30:00,753.0
2023-04-24 02:00:00,738.0
2023-04-24 02:30:00,738.0
2023-04-24 03:00:00,735.0
2023-04-24 03:30:00,730.0
2023-04-24 04:00:00,735.0
2023-04-24 04:30:00,732.0
2023-04-24 05:00:00,731.0
2023-04-24 05:30:00,728.0
2023-04-24 06:00:00,726.0
2023-04-24 06:30:00,726.0
2023-04-24 07:00:00,708.0
2023-04-24 07:30:00,788.0
2023-04-24 08:00:00,691.0
2023-04-24 08:30:00,721.0
2023-04-24 09:00:00,633.0
2023-04-24 09:30:00,662.0
2023-04-24 10:00:00,625.0
2023-04-24 10:30:00,611.0
2023-04-24 11:00:00,615.0
2023-04-24 11:30:00,615.0
2023-04-24 12:00:00,616.0
2023-04-24 12:30:00,622.0
2023-04-24 13:00:00,619.0
2023-04-24 13:30:00,617.0
2023-04-24 14:00:00,615.0
2023-04-24 14:30:00,616.0
2023-04-24 15:00:00,619.0
2023-04-24 15:30:00,617.0
2023-04-24 16:00:00,612.0
2023-04-24 16:30:00,616.0
2023-04-24 17:00:00,618.0
2023-04-24 17:30:00,622.0
2023-04-24 18:00:00,623.0
2023-04-24 18:30:00,623.0
2023-04-24 19:00:00,668.0
2023-04-24 19:30:00,825.0
2023-04-24 20:00:00,787.0
2023-04-24 20:30:00,790.0
2023-04-24 21:00:00,843.0
2023-04-24 21:30:00,990.0
2023-04-24 22:00:00,1074.0
2023-04-24 22:30:00,947.0
2023-04-24 23:00:00,947.0
2023-04-24 23:30:00,845.0
2023-04-25 00:00:00,829.0
2023-04-25 00:30:00,833.0
2023-04-25 01:00:00,867.0
2023-04-25 01:30:00,946.0
2023-04-25 02:00:00,905.0
2023-04-25 02:30:00,904.0
2023-04-25 03:00:00,898.0
2023-04-25 03:30:00,898.0
2023-04-25 04:00:00,893.0
2023-04-25 04:30:00,889.0
2023-04-25 05:00:00,888.0
2023-04-25 05:30:00,886.0
2023-04-25 06:00:00,885.0
2023-04-25 06:30:00,884.0
2023-04-25 07:00:00,911.0
2023-04-25 07:30:00,798.0
2023-04-25 08:00:00,771.0
2023-04-25 08:30:00,744.0
2023-04-25 09:00:00,700.0
2023-04-25 09:30:00,652.0
2023-04-25 10:00:00,652.0
2023-04-25 10:30:00,651.0
2023-04-25 11:00:00,649.0
2023-04-25 11:30:00,630.0
2023-04-25 12:00:00,721.0
2023-04-25 12:30:00,610.0
2023-04-25 13:00:00,612.0
2023-04-25 13:30:00,602.0
2023-04-25 14:00:00,606.0
2023-04-25 14:30:00,610.0
2023-04-25 15:00:00,609.0
2023-04-25 15:30:00,558.0
2023-04-25 16:00:00,497.0
2023-04-25 16:30:00,518.0
2023-04-25 17:00:00,499.0
2023-04-25 17:30:00,552.0
2023-04-25 18:00:00,519.0
2023-04-25 18:30:00,504.0
2023-04-25 19:00:00,501.0
2023-04-25 19:30:00,498.0
2023-04-25 20:00:00,498.0
2023-04-25 20:30:00,499.0
2023-04-25 21:00:00,501.0
2023-04-25 21:30:00,611.0
2023-04-25 22:00:00,713.0
2023-04-25 22:30:00,713.0
2023-04-25 23:00:00,679.0
2023-04-25 23:30:00,623.0
2023-04-26 00:00:00,625.0
2023-04-26 00:30:00,625.0
2023-04-26 01:00:00,626.0
2023-04-26 01:30:00,625.0
2023-04-26 02:00:00,626.0
2023-04-26 02:30:00,628.0
2023-04-26 03:00:00,627.0
2023-04-26 03:30:00,627.0
2023-04-26 04:00:00,628.0
2023-04-26 04:30:00,628.0
2023-04-26 05:00:00,628.0
2023-04-26 05:30:00,626.0
2023-04-26 06:00:00,626.0
2023-04-26 06:30:00,636.0
2023-04-26 07:00:00,685.0
2023-04-26 07:30:00,662.0
2023-04-26 08:00:00,706.0
2023-04-26 08:30:00,635.0
2023-04-26 09:00:00,630.0
2023-04-26 09:30:00,633.0
2023-04-26 10:00:00,631.0
2023-04-26 10:30:00,631.0
2023-04-26 11:00:00,630.0
2023-04-26 11:30:00,629.0
2023-04-26 12:00:00,617.0
2023-04-26 12:30:00,622.0
2023-04-26 13:00:00,702.0
2023-04-26 13:30:00,610.0
2023-04-26 14:00:00,607.0
2023-04-26 14:30:00,609.0
2023-04-26 15:00:00,541.0
2023-04-26 15:30:00,511.0
2023-04-26 16:00:00,514.0
2023-04-26 16:30:00,515.0
2023-04-26 17:00:00,519.0
2023-04-26 17:30:00,560.0
2023-04-26 18:00:00,557.0
2023-04-26 18:30:00,588.0
2023-04-26 19:00:00,622.0
2023-04-26 19:30:00,686.0
2023-04-26 20:00:00,535.0
2023-04-26 20:30:00,517.0
2023-04-26 21:00:00,523.0
2023-04-26 21:30:00,689.0
2023-04-26 22:00:00,685.0
2023-04-26 22:30:00,686.0
2023-04-26 23:00:00,667.0
2023-04-26 23:30:00,648.0
2023-04-27 00:00:00,644.0
2023-04-27 00:30:00,647.0
2023-04-27 01:00:00,665.0
2023-04-27 01:30:00,725.0
2023-04-27 02:00:00,740.0
2023-04-27 02:30:00,739.0
2023-04-27 03:00:00,742.0
2023-04-27 03:30:00,742.0
2023-04-27 04:00:00,742.0
2023-04-27 04:30:00,743.0
2023-04-27 05:00:00,742.0
2023-04-27 05:30:00,742.0
2023-04-27 06:00:00,744.0
2023-04-27 06:30:00,741.0
2023-04-27 07:00:00,622.0
2023-04-27 07:30:00,739.0
2023-04-27 08:00:00,745.0
2023-04-27 08:30:00,792.0
2023-04-27 09:00:00,711.0
2023-04-27 09:30:00,776.0
2023-04-27 10:00:00,818.0
2023-04-27 10:30:00,833.0
2023-04-27 11:00:00,847.0
2023-04-27 11:30:00,834.0
2023-04-27 12:00:00,785.0
2023-04-27 12:30:00,816.0
2023-04-27 13:00:00,820.0
2023-04-27 13:30:00,769.0
2023-04-27 14:00:00,747.0
2023-04-27 14:30:00,756.0
2023-04-27 15:00:00,751.0
2023-04-27 15:30:00,752.0
2023-04-27 16:00:00,774.0
2023-04-27 16:30:00,743.0
2023-04-27 17:00:00,689.0
2023-04-27 17:30:00,699.0
2023-04-27 18:00:00,716.0
2023-04-27 18:30:00,793.0
2023-04-27 19:00:00,803.0
2023-04-27 19:30:00,843.0
2023-04-27 20:00:00,732.0
2023-04-27 20:30:00,747.0
2023-04-27 21:00:00,775.0
2023-04-27 21:30:00,843.0
2023-04-27 22:00:00,857.0
2023-04-27 22:30:00,795.0
2023-04-27 23:00:00,813.0
2023-04-27 23:30:00,843.0
2023-04-28 00:00:00,1025.0
2023-04-28 00:30:00,956.0
2023-04-28 01:00:00,910.0
2023-04-28 01:30:00,913.0
2023-04-28 02:00:00,912.0
2023-04-28 02:30:00,908.0
2023-04-28 03:00:00,904.0
2023-04-28 03:30:00,902.0
2023-04-28 04:00:00,1000.0
2023-04-28 04:30:00,1056.0
2023-04-28 05:00:00,1057.0
2023-04-28 05:30:00,1056.0
2023-04-28 06:00:00,1055.0
2023-04-28 06:30:00,1053.0
2023-04-28 07:00:00,1031.0
2023-04-28 07:30:00,1010.0
2023-04-28 08:00:00,1004.0
2023-04-28 08:30:00,979.0
2023-04-28 09:00:00,967.0
2023-04-28 09:30:00,821.0
2023-04-28 10:00:00,725.0
2023-04-28 10:30:00,723.0
2023-04-28 11:00:00,721.0
2023-04-28 11:30:00,721.0
2023-04-28 12:00:00,723.0
2023-04-28 12:30:00,724.0
2023-04-28 13:00:00,720.0
2023-04-28 13:30:00,716.0
2023-04-28 14:00:00,712.0
2023-04-28 14:30:00,709.0
2023-04-28 15:00:00,718.0
2023-04-28 15:30:00,799.0
2023-04-28 16:00:00,805.0
2023-04-28 16:30:00,789.0
2023-04-28 17:00:00,574.0
2023-04-28 17:30:00,567.0
2023-04-28 18:00:00,534.0
2023-04-28 18:30:00,535.0
2023-04-28 19:00:00,549.0
2023-04-28 19:30:00,533.0
2023-04-28 20:00:00,533.0
2023-04-28 20:30:00,534.0
2023-04-28 21:00:00,533.0
2023-04-28 21:30:00,535.0
2023-04-28 22:00:00,534.0
2023-04-28 22:30:00,536.0
2023-04-28 23:00:00,536.0
2023-04-28 23:30:00,533.0
2023-04-29 00:00:00,534.0
2023-04-29 00:30:00,536.0
2023-04-29 01:00:00,537.0
2023-04-29 01:30:00,538.0
2023-04-29 02:00:00,535.0
2023-04-29 02:30:00,537.0
2023-04-29 03:00:00,536.0
2023-04-29 03:30:00,537.0
2023-04-29 04:00:00,538.0
2023-04-29 04:30:00,538.0
2023-04-29 05:00:00,539.0
2023-04-29 05:30:00,538.0
2023-04-29 06:00:00,539.0
2023-04-29 06:30:00,540.0
2023-04-29 07:00:00,539.0
2023-04-29 07:30:00,541.0
2023-04-29 08:00:00,537.0
2023-04-29 08:30:00,535.0
2023-04-29 09:00:00,531.0
2023-04-29 09:30:00,529.0
2023-04-29 10:00:00,530.0
2023-04-29 10:30:00,530.0
2023-04-29 11:00:00,532.0
2023-04-29 11:30:00,536.0
2023-04-29 12:00:00,540.0
2023-04-29 12:30:00,541.0
2023-04-29 13:00:00,541.0
2023-04-29 13:30:00,538.0
2023-04-29 14:00:00,538.0
2023-04-29 14:30:00,537.0
2023-04-29 15:00:00,537.0
2023-04-29 15:30:00,538.0
2023-04-29 16:00:00,537.0
2023-04-29 16:30:00,538.0
2023-04-29 17:00:00,539.0
2023-04-29 17:30:00,540.0
2023-04-29 18:00:00,542.0
2023-04-29 18:30:00,541.0
2023-04-29 19:00:00,541.0
2023-04-29 19:30:00,537.0
2023-04-29 20:00:00,537.0
2023-04-29 20:30:00,537.0
2023-04-29 21:00:00,536.0
2023-04-29 21:30:00,537.0
2023-04-29 22:00:00,537.0
2023-04-29 22:30:00,538.0
2023-04-29 23:00:00,539.0
2023-04-29 23:30:00,540.0
2023-04-30 00:00:00,540.0
2023-04-30 00:30:00,539.0
2023-04-30 01:00:00,541.0
2023-04-30 01:30:00,540.0
2023-04-30 02:00:00,541.0
2023-04-30 02:30:00,541.0
2023-04-30 03:00:00,542.0
2023-04-30 03:30:00,542.0
2023-04-30 04:00:00,541.0
2023-04-30 04:30:00,539.0
2023-04-30 05:00:00,540.0
2023-04-30 05:30:00,540.0
2023-04-30 06:00:00,540.0
2023-04-30 06:30:00,541.0
2023-04-30 07:00:00,544.0
2023-04-30 07:30:00,542.0
2023-04-30 08:00:00,541.0
2023-04-30 08:30:00,564.0
2023-04-30 09:00:00,584.0
2023-04-30 09:30:00,583.0
2023-04-30 10:00:00,584.0
2023-04-30 10:30:00,582.0
2023-04-30 11:00:00,582.0
2023-04-30 11:30:00,583.0
2023-04-30 12:00:00,582.0
2023-04-30 12:30:00,584.0
2023-04-30 13:00:00,582.0
2023-04-30 13:30:00,582.0
2023-04-30 14:00:00,578.0
2023-04-30 14:30:00,579.0
2023-04-30 15:00:00,580.0
2023-04-30 15:30:00,589.0
2023-04-30 16:00:00,601.0
2023-04-30 16:30:00,598.0
2023-04-30 17:00:00,597.0
2023-04-30 17:30:00,591.0
2023-04-30 18:00:00,585.0
2023-04-30 18:30:00,663.0
2023-04-30 19:00:00,663.0
2023-04-30 19:30:00,690.0
2023-04-30 20:00:00,573.0
2023-04-30 20:30:00,623.0
2023-04-30 21:00:00,611.0
2023-04-30 21:30:00,614.0
2023-04-30 22:00:00,612.0
2023-04-30 22:30:00,638.0
2023-04-30 23:00:00,604.0
2023-04-30 23:30:00,542.0
2023-05-01 00:00:00,537.0
